X,CH1,CH2,
Second,Volt,Volt,
9.70000e-04,5.60e-01,0.00e+00,
9.70100e-04,7.00e-01,0.00e+00,
9.70200e-04,7.00e-01,0.00e+00,
9.70300e-04,8.60e-01,0.00e+00,
9.70400e-04,8.60e-01,0.00e+00,
9.70500e-04,1.00e+00,0.00e+00,
9.70600e-04,1.02e+00,0.00e+00,
9.70700e-04,1.14e+00,0.00e+00,
9.70800e-04,1.12e+00,0.00e+00,
9.70900e-04,1.22e+00,0.00e+00,
9.71000e-04,1.22e+00,0.00e+00,
9.71100e-04,1.34e+00,0.00e+00,
9.71200e-04,1.34e+00,0.00e+00,
9.71300e-04,1.40e+00,2.00e-02,
9.71400e-04,1.42e+00,0.00e+00,
9.71500e-04,1.46e+00,0.00e+00,
9.71600e-04,1.48e+00,0.00e+00,
9.71700e-04,1.52e+00,2.00e-02,
9.71800e-04,1.52e+00,2.00e-02,
9.71900e-04,1.56e+00,0.00e+00,
9.72000e-04,1.54e+00,0.00e+00,
9.72100e-04,1.56e+00,2.00e-02,
9.72200e-04,1.56e+00,2.00e-02,
9.72300e-04,1.54e+00,2.00e-02,
9.72400e-04,1.54e+00,2.00e-02,
9.72500e-04,1.52e+00,4.00e-02,
9.72600e-04,1.52e+00,2.00e-02,
9.72700e-04,1.46e+00,4.00e-02,
9.72800e-04,1.46e+00,2.00e-02,
9.72900e-04,1.40e+00,4.00e-02,
9.73000e-04,1.40e+00,4.00e-02,
9.73100e-04,1.32e+00,2.00e-02,
9.73200e-04,1.30e+00,4.00e-02,
9.73300e-04,1.22e+00,4.00e-02,
9.73400e-04,1.20e+00,4.00e-02,
9.73500e-04,1.08e+00,4.00e-02,
9.73600e-04,1.08e+00,4.00e-02,
9.73700e-04,9.60e-01,2.00e-02,
9.73800e-04,9.60e-01,4.00e-02,
9.73900e-04,8.20e-01,4.00e-02,
9.74000e-04,8.20e-01,4.00e-02,
9.74100e-04,6.40e-01,4.00e-02,
9.74200e-04,6.40e-01,4.00e-02,
9.74300e-04,4.80e-01,6.00e-02,
9.74400e-04,4.80e-01,6.00e-02,
9.74500e-04,3.20e-01,4.00e-02,
9.74600e-04,3.00e-01,6.00e-02,
9.74700e-04,1.40e-01,4.00e-02,
9.74800e-04,1.00e-01,4.00e-02,
9.74900e-04,-6.00e-02,6.00e-02,
9.75000e-04,-7.99e-02,4.00e-02,
9.75100e-04,-2.40e-01,6.00e-02,
9.75200e-04,-2.60e-01,4.00e-02,
9.75300e-04,-4.20e-01,4.00e-02,
9.75400e-04,-4.20e-01,4.00e-02,
9.75500e-04,-5.80e-01,4.00e-02,
9.75600e-04,-6.00e-01,4.00e-02,
9.75700e-04,-7.40e-01,4.00e-02,
9.75800e-04,-7.60e-01,4.00e-02,
9.75900e-04,-9.00e-01,4.00e-02,
9.76000e-04,-9.20e-01,4.00e-02,
9.76100e-04,-1.06e+00,2.00e-02,
9.76200e-04,-1.06e+00,4.00e-02,
9.76300e-04,-1.18e+00,2.00e-02,
9.76400e-04,-1.18e+00,4.00e-02,
9.76500e-04,-1.28e+00,2.00e-02,
9.76600e-04,-1.30e+00,4.00e-02,
9.76700e-04,-1.40e+00,2.00e-02,
9.76800e-04,-1.40e+00,2.00e-02,
9.76900e-04,-1.48e+00,4.00e-02,
9.77000e-04,-1.48e+00,2.00e-02,
9.77100e-04,-1.50e+00,2.00e-02,
9.77200e-04,-1.54e+00,2.00e-02,
9.77300e-04,-1.56e+00,2.00e-02,
9.77400e-04,-1.56e+00,2.00e-02,
9.77500e-04,-1.58e+00,0.00e+00,
9.77600e-04,-1.58e+00,2.00e-02,
9.77700e-04,-1.58e+00,0.00e+00,
9.77800e-04,-1.58e+00,0.00e+00,
9.77900e-04,-1.56e+00,2.00e-02,
9.78000e-04,-1.56e+00,0.00e+00,
9.78100e-04,-1.54e+00,2.00e-02,
9.78200e-04,-1.52e+00,0.00e+00,
9.78300e-04,-1.46e+00,0.00e+00,
9.78400e-04,-1.44e+00,0.00e+00,
9.78500e-04,-1.40e+00,0.00e+00,
9.78600e-04,-1.38e+00,0.00e+00,
9.78700e-04,-1.28e+00,0.00e+00,
9.78800e-04,-1.28e+00,0.00e+00,
9.78900e-04,-1.18e+00,0.00e+00,
9.79000e-04,-1.16e+00,0.00e+00,
9.79100e-04,-1.06e+00,0.00e+00,
9.79200e-04,-1.02e+00,0.00e+00,
9.79300e-04,-9.00e-01,0.00e+00,
9.79400e-04,-8.80e-01,0.00e+00,
9.79500e-04,-7.40e-01,-2.00e-02,
9.79600e-04,-7.20e-01,0.00e+00,
9.79700e-04,-5.80e-01,0.00e+00,
9.79800e-04,-5.60e-01,0.00e+00,
9.79900e-04,-4.00e-01,0.00e+00,
9.80000e-04,-3.80e-01,0.00e+00,
9.80100e-04,-2.40e-01,-2.00e-02,
9.80200e-04,-2.20e-01,0.00e+00,
9.80300e-04,-2.00e-02,-2.00e-02,
9.80400e-04,0.00e+00,0.00e+00,
9.80500e-04,1.60e-01,0.00e+00,
9.80600e-04,1.80e-01,0.00e+00,
9.80700e-04,3.20e-01,0.00e+00,
9.80800e-04,3.60e-01,0.00e+00,
9.80900e-04,4.80e-01,0.00e+00,
9.81000e-04,5.20e-01,0.00e+00,
9.81100e-04,6.80e-01,0.00e+00,
9.81200e-04,6.80e-01,0.00e+00,
9.81300e-04,8.40e-01,0.00e+00,
9.81400e-04,8.60e-01,0.00e+00,
9.81500e-04,9.80e-01,0.00e+00,
9.81600e-04,1.00e+00,0.00e+00,
9.81700e-04,1.10e+00,0.00e+00,
9.81800e-04,1.12e+00,0.00e+00,
9.81900e-04,1.22e+00,0.00e+00,
9.82000e-04,1.22e+00,0.00e+00,
9.82100e-04,1.30e+00,0.00e+00,
9.82200e-04,1.32e+00,0.00e+00,
9.82300e-04,1.40e+00,0.00e+00,
9.82400e-04,1.40e+00,0.00e+00,
9.82500e-04,1.48e+00,2.00e-02,
9.82600e-04,1.46e+00,0.00e+00,
9.82700e-04,1.52e+00,2.00e-02,
9.82800e-04,1.52e+00,0.00e+00,
9.82900e-04,1.56e+00,2.00e-02,
9.83000e-04,1.56e+00,2.00e-02,
9.83100e-04,1.54e+00,0.00e+00,
9.83200e-04,1.54e+00,2.00e-02,
9.83300e-04,1.56e+00,0.00e+00,
9.83400e-04,1.54e+00,2.00e-02,
9.83500e-04,1.52e+00,0.00e+00,
9.83600e-04,1.52e+00,4.00e-02,
9.83700e-04,1.46e+00,0.00e+00,
9.83800e-04,1.46e+00,2.00e-02,
9.83900e-04,1.40e+00,4.00e-02,
9.84000e-04,1.40e+00,2.00e-02,
9.84100e-04,1.34e+00,2.00e-02,
9.84200e-04,1.30e+00,4.00e-02,
9.84300e-04,1.22e+00,2.00e-02,
9.84400e-04,1.22e+00,4.00e-02,
9.84500e-04,1.12e+00,4.00e-02,
9.84600e-04,1.08e+00,4.00e-02,
9.84700e-04,9.80e-01,4.00e-02,
9.84800e-04,9.60e-01,4.00e-02,
9.84900e-04,8.20e-01,2.00e-02,
9.85000e-04,8.20e-01,4.00e-02,
9.85100e-04,6.60e-01,4.00e-02,
9.85200e-04,6.40e-01,4.00e-02,
9.85300e-04,5.20e-01,4.00e-02,
9.85400e-04,5.00e-01,4.00e-02,
9.85500e-04,3.40e-01,6.00e-02,
9.85600e-04,3.20e-01,4.00e-02,
9.85700e-04,1.80e-01,6.00e-02,
9.85800e-04,1.40e-01,4.00e-02,
9.85900e-04,0.00e+00,6.00e-02,
9.86000e-04,-2.00e-02,4.00e-02,
9.86100e-04,-2.00e-01,6.00e-02,
9.86200e-04,-2.40e-01,4.00e-02,
9.86300e-04,-3.80e-01,4.00e-02,
9.86400e-04,-4.00e-01,4.00e-02,
9.86500e-04,-5.60e-01,6.00e-02,
9.86600e-04,-5.60e-01,4.00e-02,
9.86700e-04,-7.20e-01,4.00e-02,
9.86800e-04,-7.40e-01,4.00e-02,
9.86900e-04,-9.00e-01,6.00e-02,
9.87000e-04,-9.00e-01,4.00e-02,
9.87100e-04,-1.02e+00,2.00e-02,
9.87200e-04,-1.04e+00,4.00e-02,
9.87300e-04,-1.16e+00,4.00e-02,
9.87400e-04,-1.16e+00,4.00e-02,
9.87500e-04,-1.26e+00,2.00e-02,
9.87600e-04,-1.26e+00,2.00e-02,
9.87700e-04,-1.38e+00,4.00e-02,
9.87800e-04,-1.38e+00,2.00e-02,
9.87900e-04,-1.44e+00,2.00e-02,
9.88000e-04,-1.46e+00,2.00e-02,
9.88100e-04,-1.50e+00,4.00e-02,
9.88200e-04,-1.50e+00,2.00e-02,
9.88300e-04,-1.56e+00,2.00e-02,
9.88400e-04,-1.56e+00,2.00e-02,
9.88500e-04,-1.58e+00,0.00e+00,
9.88600e-04,-1.58e+00,2.00e-02,
9.88700e-04,-1.56e+00,0.00e+00,
9.88800e-04,-1.58e+00,0.00e+00,
9.88900e-04,-1.56e+00,2.00e-02,
9.89000e-04,-1.56e+00,0.00e+00,
9.89100e-04,-1.52e+00,2.00e-02,
9.89200e-04,-1.54e+00,0.00e+00,
9.89300e-04,-1.48e+00,2.00e-02,
9.89400e-04,-1.48e+00,0.00e+00,
9.89500e-04,-1.40e+00,0.00e+00,
9.89600e-04,-1.36e+00,0.00e+00,
9.89700e-04,-1.30e+00,0.00e+00,
9.89800e-04,-1.30e+00,0.00e+00,
9.89900e-04,-1.16e+00,0.00e+00,
9.90000e-04,-1.18e+00,0.00e+00,
9.90100e-04,-1.08e+00,0.00e+00,
9.90200e-04,-1.02e+00,0.00e+00,
9.90300e-04,-9.20e-01,0.00e+00,
9.90400e-04,-9.00e-01,0.00e+00,
9.90500e-04,-7.40e-01,0.00e+00,
9.90600e-04,-7.60e-01,0.00e+00,
9.90700e-04,-6.00e-01,0.00e+00,
9.90800e-04,-5.80e-01,0.00e+00,
9.90900e-04,-4.20e-01,0.00e+00,
9.91000e-04,-4.20e-01,0.00e+00,
9.91100e-04,-2.60e-01,0.00e+00,
9.91200e-04,-2.40e-01,0.00e+00,
9.91300e-04,-7.99e-02,0.00e+00,
9.91400e-04,-6.00e-02,0.00e+00,
9.91500e-04,1.00e-01,0.00e+00,
9.91600e-04,1.40e-01,0.00e+00,
9.91700e-04,3.00e-01,0.00e+00,
9.91800e-04,3.20e-01,0.00e+00,
9.91900e-04,4.60e-01,0.00e+00,
9.92000e-04,4.80e-01,0.00e+00,
9.92100e-04,6.40e-01,-2.00e-02,
9.92200e-04,6.40e-01,0.00e+00,
9.92300e-04,8.20e-01,0.00e+00,
9.92400e-04,8.20e-01,0.00e+00,
9.92500e-04,9.60e-01,0.00e+00,
9.92600e-04,9.60e-01,0.00e+00,
9.92700e-04,1.08e+00,0.00e+00,
9.92800e-04,1.08e+00,0.00e+00,
9.92900e-04,1.20e+00,0.00e+00,
9.93000e-04,1.20e+00,0.00e+00,
9.93100e-04,1.30e+00,0.00e+00,
9.93200e-04,1.32e+00,0.00e+00,
9.93300e-04,1.38e+00,0.00e+00,
9.93400e-04,1.38e+00,2.00e-02,
9.93500e-04,1.46e+00,0.00e+00,
9.93600e-04,1.46e+00,0.00e+00,
9.93700e-04,1.52e+00,2.00e-02,
9.93800e-04,1.52e+00,0.00e+00,
9.93900e-04,1.54e+00,2.00e-02,
9.94000e-04,1.54e+00,0.00e+00,
9.94100e-04,1.56e+00,2.00e-02,
9.94200e-04,1.54e+00,0.00e+00,
9.94300e-04,1.56e+00,4.00e-02,
9.94400e-04,1.54e+00,0.00e+00,
9.94500e-04,1.54e+00,4.00e-02,
9.94600e-04,1.52e+00,4.00e-02,
9.94700e-04,1.48e+00,2.00e-02,
9.94800e-04,1.48e+00,2.00e-02,
9.94900e-04,1.42e+00,4.00e-02,
9.95000e-04,1.40e+00,4.00e-02,
9.95100e-04,1.36e+00,2.00e-02,
9.95200e-04,1.34e+00,4.00e-02,
9.95300e-04,1.24e+00,2.00e-02,
9.95400e-04,1.22e+00,4.00e-02,
9.95500e-04,1.14e+00,4.00e-02,
9.95600e-04,1.12e+00,4.00e-02,
9.95700e-04,1.00e+00,4.00e-02,
9.95800e-04,1.00e+00,4.00e-02,
9.95900e-04,8.80e-01,6.00e-02,
9.96000e-04,8.60e-01,4.00e-02,
9.96100e-04,7.00e-01,6.00e-02,
9.96200e-04,7.00e-01,4.00e-02,
9.96300e-04,5.40e-01,6.00e-02,
9.96400e-04,5.20e-01,4.00e-02,
9.96500e-04,3.80e-01,4.00e-02,
9.96600e-04,3.60e-01,6.00e-02,
9.96700e-04,1.80e-01,4.00e-02,
9.96800e-04,1.60e-01,4.00e-02,
9.96900e-04,0.00e+00,6.00e-02,
9.97000e-04,0.00e+00,6.00e-02,
9.97100e-04,-2.00e-01,4.00e-02,
9.97200e-04,-2.00e-01,6.00e-02,
9.97300e-04,-3.60e-01,4.00e-02,
9.97400e-04,-3.60e-01,4.00e-02,
9.97500e-04,-5.40e-01,6.00e-02,
9.97600e-04,-5.60e-01,4.00e-02,
9.97700e-04,-7.00e-01,6.00e-02,
9.97800e-04,-7.20e-01,4.00e-02,
9.97900e-04,-8.40e-01,6.00e-02,
9.98000e-04,-9.00e-01,4.00e-02,
9.98100e-04,-1.02e+00,2.00e-02,
9.98200e-04,-1.02e+00,4.00e-02,
9.98300e-04,-1.14e+00,4.00e-02,
9.98400e-04,-1.16e+00,4.00e-02,
9.98500e-04,-1.26e+00,2.00e-02,
9.98600e-04,-1.26e+00,4.00e-02,
9.98700e-04,-1.34e+00,2.00e-02,
9.98800e-04,-1.36e+00,4.00e-02,
9.98900e-04,-1.44e+00,2.00e-02,
9.99000e-04,-1.44e+00,4.00e-02,
9.99100e-04,-1.50e+00,2.00e-02,
9.99200e-04,-1.50e+00,2.00e-02,
9.99300e-04,-1.56e+00,4.00e-02,
9.99400e-04,-1.56e+00,2.00e-02,
9.99500e-04,-1.58e+00,0.00e+00,
9.99600e-04,-1.58e+00,2.00e-02,
9.99700e-04,-1.56e+00,0.00e+00,
9.99800e-04,-1.58e+00,0.00e+00,
9.99900e-04,-1.56e+00,2.00e-02,
1.00000e-03,-1.56e+00,0.00e+00,
1.00010e-03,-1.54e+00,2.00e-02,
1.00020e-03,-1.54e+00,0.00e+00,
1.00030e-03,-1.48e+00,2.00e-02,
1.00040e-03,-1.48e+00,0.00e+00,
1.00050e-03,-1.42e+00,0.00e+00,
1.00060e-03,-1.40e+00,0.00e+00,
1.00070e-03,-1.32e+00,0.00e+00,
1.00080e-03,-1.32e+00,0.00e+00,
1.00090e-03,-1.22e+00,0.00e+00,
1.00100e-03,-1.20e+00,0.00e+00,
1.00110e-03,-1.08e+00,0.00e+00,
1.00120e-03,-1.06e+00,0.00e+00,
1.00130e-03,-9.20e-01,0.00e+00,
1.00140e-03,-9.20e-01,0.00e+00,
1.00150e-03,-7.80e-01,0.00e+00,
1.00160e-03,-7.80e-01,0.00e+00,
1.00170e-03,-6.20e-01,0.00e+00,
1.00180e-03,-6.00e-01,0.00e+00,
1.00190e-03,-4.40e-01,0.00e+00,
1.00200e-03,-4.40e-01,0.00e+00,
1.00210e-03,-2.80e-01,0.00e+00,
1.00220e-03,-2.60e-01,0.00e+00,
1.00230e-03,-1.20e-01,0.00e+00,
1.00240e-03,-1.00e-01,0.00e+00,
1.00250e-03,1.00e-01,0.00e+00,
1.00260e-03,1.00e-01,0.00e+00,
1.00270e-03,2.60e-01,-2.00e-02,
1.00280e-03,2.80e-01,0.00e+00,
1.00290e-03,4.20e-01,0.00e+00,
1.00300e-03,4.60e-01,0.00e+00,
1.00310e-03,6.20e-01,0.00e+00,
1.00320e-03,6.20e-01,0.00e+00,
1.00330e-03,7.60e-01,0.00e+00,
1.00340e-03,7.80e-01,0.00e+00,
1.00350e-03,9.20e-01,0.00e+00,
1.00360e-03,9.60e-01,0.00e+00,
1.00370e-03,1.06e+00,0.00e+00,
1.00380e-03,1.06e+00,0.00e+00,
1.00390e-03,1.18e+00,0.00e+00,
1.00400e-03,1.18e+00,0.00e+00,
1.00410e-03,1.28e+00,0.00e+00,
1.00420e-03,1.30e+00,0.00e+00,
1.00430e-03,1.38e+00,0.00e+00,
1.00440e-03,1.38e+00,0.00e+00,
1.00450e-03,1.44e+00,0.00e+00,
1.00460e-03,1.46e+00,2.00e-02,
1.00470e-03,1.52e+00,0.00e+00,
1.00480e-03,1.52e+00,0.00e+00,
1.00490e-03,1.54e+00,2.00e-02,
1.00500e-03,1.54e+00,2.00e-02,
1.00510e-03,1.56e+00,0.00e+00,
1.00520e-03,1.56e+00,2.00e-02,
1.00530e-03,1.54e+00,0.00e+00,
1.00540e-03,1.56e+00,0.00e+00,
1.00550e-03,1.52e+00,2.00e-02,
1.00560e-03,1.54e+00,2.00e-02,
1.00570e-03,1.48e+00,4.00e-02,
1.00580e-03,1.50e+00,2.00e-02,
1.00590e-03,1.44e+00,4.00e-02,
1.00600e-03,1.42e+00,4.00e-02,
1.00610e-03,1.36e+00,2.00e-02,
1.00620e-03,1.36e+00,4.00e-02,
1.00630e-03,1.28e+00,4.00e-02,
1.00640e-03,1.24e+00,4.00e-02,
1.00650e-03,1.14e+00,2.00e-02,
1.00660e-03,1.14e+00,4.00e-02,
1.00670e-03,1.04e+00,2.00e-02,
1.00680e-03,1.04e+00,4.00e-02,
1.00690e-03,8.80e-01,4.00e-02,
1.00700e-03,8.80e-01,2.00e-02,
1.00710e-03,7.20e-01,6.00e-02,
1.00720e-03,7.00e-01,4.00e-02,
1.00730e-03,5.60e-01,6.00e-02,
1.00740e-03,5.40e-01,2.00e-02,
1.00750e-03,3.80e-01,6.00e-02,
1.00760e-03,3.80e-01,4.00e-02,
1.00770e-03,2.20e-01,6.00e-02,
1.00780e-03,2.20e-01,4.00e-02,
1.00790e-03,4.00e-02,6.00e-02,
1.00800e-03,2.00e-02,4.00e-02,
1.00810e-03,-1.80e-01,6.00e-02,
1.00820e-03,-1.80e-01,6.00e-02,
1.00830e-03,-3.40e-01,4.00e-02,
1.00840e-03,-3.40e-01,4.00e-02,
1.00850e-03,-5.00e-01,6.00e-02,
1.00860e-03,-5.20e-01,4.00e-02,
1.00870e-03,-6.60e-01,6.00e-02,
1.00880e-03,-6.80e-01,4.00e-02,
1.00890e-03,-8.20e-01,4.00e-02,
1.00900e-03,-8.40e-01,4.00e-02,
1.00910e-03,-9.80e-01,4.00e-02,
1.00920e-03,-1.00e+00,4.00e-02,
1.00930e-03,-1.10e+00,2.00e-02,
1.00940e-03,-1.12e+00,4.00e-02,
1.00950e-03,-1.24e+00,4.00e-02,
1.00960e-03,-1.24e+00,2.00e-02,
1.00970e-03,-1.34e+00,4.00e-02,
1.00980e-03,-1.34e+00,4.00e-02,
1.00990e-03,-1.42e+00,2.00e-02,
1.01000e-03,-1.44e+00,2.00e-02,
1.01010e-03,-1.50e+00,4.00e-02,
1.01020e-03,-1.50e+00,2.00e-02,
1.01030e-03,-1.54e+00,2.00e-02,
1.01040e-03,-1.54e+00,2.00e-02,
1.01050e-03,-1.58e+00,0.00e+00,
1.01060e-03,-1.56e+00,2.00e-02,
1.01070e-03,-1.58e+00,0.00e+00,
1.01080e-03,-1.58e+00,2.00e-02,
1.01090e-03,-1.56e+00,0.00e+00,
1.01100e-03,-1.56e+00,2.00e-02,
1.01110e-03,-1.54e+00,0.00e+00,
1.01120e-03,-1.54e+00,0.00e+00,
1.01130e-03,-1.48e+00,0.00e+00,
1.01140e-03,-1.48e+00,0.00e+00,
1.01150e-03,-1.42e+00,0.00e+00,
1.01160e-03,-1.42e+00,0.00e+00,
1.01170e-03,-1.32e+00,0.00e+00,
1.01180e-03,-1.32e+00,0.00e+00,
1.01190e-03,-1.22e+00,0.00e+00,
1.01200e-03,-1.22e+00,0.00e+00,
1.01210e-03,-1.08e+00,0.00e+00,
1.01220e-03,-1.08e+00,0.00e+00,
1.01230e-03,-9.60e-01,0.00e+00,
1.01240e-03,-9.40e-01,0.00e+00,
1.01250e-03,-7.80e-01,0.00e+00,
1.01260e-03,-7.60e-01,0.00e+00,
1.01270e-03,-6.40e-01,0.00e+00,
1.01280e-03,-6.20e-01,0.00e+00,
1.01290e-03,-4.40e-01,0.00e+00,
1.01300e-03,-4.40e-01,0.00e+00,
1.01310e-03,-3.00e-01,0.00e+00,
1.01320e-03,-2.80e-01,0.00e+00,
1.01330e-03,-1.20e-01,0.00e+00,
1.01340e-03,-1.20e-01,0.00e+00,
1.01350e-03,7.99e-02,0.00e+00,
1.01360e-03,7.99e-02,0.00e+00,
1.01370e-03,2.60e-01,0.00e+00,
1.01380e-03,2.80e-01,0.00e+00,
1.01390e-03,4.20e-01,-2.00e-02,
1.01400e-03,4.20e-01,0.00e+00,
1.01410e-03,5.80e-01,0.00e+00,
1.01420e-03,6.20e-01,0.00e+00,
1.01430e-03,7.40e-01,0.00e+00,
1.01440e-03,7.40e-01,0.00e+00,
1.01450e-03,9.20e-01,0.00e+00,
1.01460e-03,9.20e-01,0.00e+00,
1.01470e-03,1.06e+00,0.00e+00,
1.01480e-03,1.06e+00,0.00e+00,
1.01490e-03,1.16e+00,0.00e+00,
1.01500e-03,1.14e+00,0.00e+00,
1.01510e-03,1.28e+00,0.00e+00,
1.01520e-03,1.30e+00,0.00e+00,
1.01530e-03,1.38e+00,0.00e+00,
1.01540e-03,1.38e+00,0.00e+00,
1.01550e-03,1.46e+00,0.00e+00,
1.01560e-03,1.46e+00,0.00e+00,
1.01570e-03,1.50e+00,0.00e+00,
1.01580e-03,1.50e+00,2.00e-02,
1.01590e-03,1.54e+00,0.00e+00,
1.01600e-03,1.54e+00,0.00e+00,
1.01610e-03,1.56e+00,2.00e-02,
1.01620e-03,1.56e+00,0.00e+00,
1.01630e-03,1.54e+00,2.00e-02,
1.01640e-03,1.56e+00,2.00e-02,
1.01650e-03,1.52e+00,0.00e+00,
1.01660e-03,1.54e+00,2.00e-02,
1.01670e-03,1.50e+00,4.00e-02,
1.01680e-03,1.50e+00,2.00e-02,
1.01690e-03,1.46e+00,4.00e-02,
1.01700e-03,1.44e+00,2.00e-02,
1.01710e-03,1.38e+00,4.00e-02,
1.01720e-03,1.38e+00,2.00e-02,
1.01730e-03,1.28e+00,4.00e-02,
1.01740e-03,1.28e+00,4.00e-02,
1.01750e-03,1.18e+00,2.00e-02,
1.01760e-03,1.14e+00,4.00e-02,
1.01770e-03,1.06e+00,4.00e-02,
1.01780e-03,1.04e+00,4.00e-02,
1.01790e-03,9.00e-01,2.00e-02,
1.01800e-03,9.00e-01,4.00e-02,
1.01810e-03,7.40e-01,4.00e-02,
1.01820e-03,7.20e-01,4.00e-02,
1.01830e-03,5.80e-01,6.00e-02,
1.01840e-03,5.60e-01,4.00e-02,
1.01850e-03,4.20e-01,6.00e-02,
1.01860e-03,4.00e-01,4.00e-02,
1.01870e-03,2.40e-01,4.00e-02,
1.01880e-03,2.40e-01,4.00e-02,
1.01890e-03,6.00e-02,6.00e-02,
1.01900e-03,6.00e-02,4.00e-02,
1.01910e-03,-1.40e-01,4.00e-02,
1.01920e-03,-1.40e-01,4.00e-02,
1.01930e-03,-3.00e-01,6.00e-02,
1.01940e-03,-3.20e-01,4.00e-02,
1.01950e-03,-4.80e-01,6.00e-02,
1.01960e-03,-5.00e-01,4.00e-02,
1.01970e-03,-6.20e-01,4.00e-02,
1.01980e-03,-6.60e-01,4.00e-02,
1.01990e-03,-7.80e-01,4.00e-02,
1.02000e-03,-8.20e-01,4.00e-02,
1.02010e-03,-9.60e-01,4.00e-02,
1.02020e-03,-9.60e-01,4.00e-02,
1.02030e-03,-1.10e+00,2.00e-02,
1.02040e-03,-1.10e+00,4.00e-02,
1.02050e-03,-1.22e+00,2.00e-02,
1.02060e-03,-1.22e+00,4.00e-02,
1.02070e-03,-1.32e+00,2.00e-02,
1.02080e-03,-1.34e+00,2.00e-02,
1.02090e-03,-1.42e+00,4.00e-02,
1.02100e-03,-1.42e+00,2.00e-02,
1.02110e-03,-1.48e+00,2.00e-02,
1.02120e-03,-1.48e+00,4.00e-02,
1.02130e-03,-1.56e+00,0.00e+00,
1.02140e-03,-1.54e+00,2.00e-02,
1.02150e-03,-1.56e+00,2.00e-02,
1.02160e-03,-1.56e+00,0.00e+00,
1.02170e-03,-1.58e+00,2.00e-02,
1.02180e-03,-1.58e+00,2.00e-02,
1.02190e-03,-1.56e+00,0.00e+00,
1.02200e-03,-1.56e+00,0.00e+00,
1.02210e-03,-1.54e+00,2.00e-02,
1.02220e-03,-1.56e+00,0.00e+00,
1.02230e-03,-1.50e+00,2.00e-02,
1.02240e-03,-1.48e+00,0.00e+00,
1.02250e-03,-1.42e+00,0.00e+00,
1.02260e-03,-1.42e+00,0.00e+00,
1.02270e-03,-1.34e+00,0.00e+00,
1.02280e-03,-1.34e+00,0.00e+00,
1.02290e-03,-1.24e+00,0.00e+00,
1.02300e-03,-1.24e+00,0.00e+00,
1.02310e-03,-1.10e+00,0.00e+00,
1.02320e-03,-1.08e+00,0.00e+00,
1.02330e-03,-1.00e+00,0.00e+00,
1.02340e-03,-9.60e-01,0.00e+00,
1.02350e-03,-8.20e-01,0.00e+00,
1.02360e-03,-8.00e-01,0.00e+00,
1.02370e-03,-6.60e-01,0.00e+00,
1.02380e-03,-6.40e-01,0.00e+00,
1.02390e-03,-5.00e-01,0.00e+00,
1.02400e-03,-4.80e-01,0.00e+00,
1.02410e-03,-3.40e-01,0.00e+00,
1.02420e-03,-3.20e-01,0.00e+00,
1.02430e-03,-1.60e-01,-2.00e-02,
1.02440e-03,-1.40e-01,0.00e+00,
1.02450e-03,4.00e-02,-2.00e-02,
1.02460e-03,6.00e-02,0.00e+00,
1.02470e-03,2.20e-01,-2.00e-02,
1.02480e-03,2.40e-01,0.00e+00,
1.02490e-03,4.00e-01,0.00e+00,
1.02500e-03,4.20e-01,0.00e+00,
1.02510e-03,5.80e-01,0.00e+00,
1.02520e-03,5.60e-01,0.00e+00,
1.02530e-03,7.20e-01,0.00e+00,
1.02540e-03,7.20e-01,0.00e+00,
1.02550e-03,9.00e-01,0.00e+00,
1.02560e-03,9.00e-01,0.00e+00,
1.02570e-03,1.02e+00,0.00e+00,
1.02580e-03,1.04e+00,0.00e+00,
1.02590e-03,1.18e+00,0.00e+00,
1.02600e-03,1.16e+00,0.00e+00,
1.02610e-03,1.28e+00,0.00e+00,
1.02620e-03,1.28e+00,0.00e+00,
1.02630e-03,1.36e+00,0.00e+00,
1.02640e-03,1.36e+00,0.00e+00,
1.02650e-03,1.44e+00,0.00e+00,
1.02660e-03,1.44e+00,0.00e+00,
1.02670e-03,1.50e+00,2.00e-02,
1.02680e-03,1.50e+00,0.00e+00,
1.02690e-03,1.54e+00,2.00e-02,
1.02700e-03,1.54e+00,2.00e-02,
1.02710e-03,1.56e+00,0.00e+00,
1.02720e-03,1.54e+00,2.00e-02,
1.02730e-03,1.56e+00,0.00e+00,
1.02740e-03,1.56e+00,2.00e-02,
1.02750e-03,1.54e+00,0.00e+00,
1.02760e-03,1.54e+00,2.00e-02,
1.02770e-03,1.50e+00,4.00e-02,
1.02780e-03,1.50e+00,2.00e-02,
1.02790e-03,1.44e+00,4.00e-02,
1.02800e-03,1.46e+00,2.00e-02,
1.02810e-03,1.38e+00,4.00e-02,
1.02820e-03,1.38e+00,2.00e-02,
1.02830e-03,1.30e+00,4.00e-02,
1.02840e-03,1.30e+00,4.00e-02,
1.02850e-03,1.18e+00,2.00e-02,
1.02860e-03,1.18e+00,4.00e-02,
1.02870e-03,1.06e+00,2.00e-02,
1.02880e-03,1.06e+00,4.00e-02,
1.02890e-03,9.20e-01,2.00e-02,
1.02900e-03,9.00e-01,4.00e-02,
1.02910e-03,7.40e-01,6.00e-02,
1.02920e-03,7.40e-01,4.00e-02,
1.02930e-03,6.00e-01,4.00e-02,
1.02940e-03,5.80e-01,4.00e-02,
1.02950e-03,4.20e-01,4.00e-02,
1.02960e-03,4.00e-01,4.00e-02,
1.02970e-03,2.60e-01,6.00e-02,
1.02980e-03,2.40e-01,6.00e-02,
1.02990e-03,7.99e-02,4.00e-02,
